{
  "data": {
    "environment": "AzureCloud",
    "subscriptionId": "44532ebc-5ff3-438f-aa57-281fab64be8d",
    "subscriptionName": "Visual Studio Enterprise",
    "scopeLevel": "Subscription"
  },
  "name": "Resource Manager - dbtest",
  "type": "azurerm",
  "url": "https://management.azure.com/",
  "authorization": {
    "parameters": {
      "tenantId": "460b8b1f-8f3b-4d08-b7a6-5ae3c22cb9bc",
      "servicePrincipalId": "6e7cac93-d1ed-4bf2-97b4-72e254f67195",
      "authenticationType": "spnKey",
      "servicePrincipalKey": "spnKey"
    },
    "scheme": "ServicePrincipal"
  },
  "isShared": false,
  "isReady": true,
  "owner": "Library"
}