{
  "triggers": [
    {
      "branchFilters": [],
      "pathFilters": [],
      "settingsSourceType": 2,
      "batchChanges": false,
      "maxConcurrentBuildsPerBranch": 1,
      "triggerType": "continuousIntegration"
    },
    {
      "settingsSourceType": 2,
      "branchFilters": [
        "+master"
      ],
      "forks": {
        "enabled": true,
        "allowSecrets": false
      },
      "pathFilters": [],
      "requireCommentsForNonTeamMembersOnly": false,
      "isCommentRequiredForPullRequest": false,
      "triggerType": "pullRequest"
    }
  ],
  "properties": {},
  "tags": [],
  "_links": "{}",
  "jobAuthorizationScope": "projectCollection",
  "jobTimeoutInMinutes": 60,
  "jobCancelTimeoutInMinutes": 5,
  "process": {
    "yamlFilename": "azure-pipelines.yml",
    "type": 2
  },
  "repository": {
    "properties": {
      "apiUrl": "https://api.github.com/repos/$username$/mslearn-tailspin-spacegame-web-automate",
      "branchesUrl": "https://api.github.com/repos/$username$/mslearn-tailspin-spacegame-web-automate/branches",
      "cloneUrl": "https://github.com/$username$/mslearn-tailspin-spacegame-web-automate.git",
      "connectedServiceId": "$GitHub_7e3e5a53$",
      "defaultBranch": "master",
      "fullName": "repository",
      "hasAdminPermissions": "False",
      "isFork": "True",
      "isPrivate": "False",
      "lastUpdated": "10/29/2019 19:46:10",
      "manageUrl": "https://github.com/$username$/mslearn-tailspin-spacegame-web-automate",
      "nodeId": "MDEwOlJlcG9zaXRvcnkyMTgzNzA0MzM=",
      "ownerId": "7142397",
      "orgName": "tpetchel",
      "refsUrl": "https://api.github.com/repos/tpetchel/mslearn-tailspin-spacegame-web-automate/git/refs",
      "safeRepository": "tpetchel/mslearn-tailspin-spacegame-web-automate",
      "shortName": "mslearn-tailspin-spacegame-web-automate",
      "ownerAvatarUrl": "https://avatars2.githubusercontent.com/u/7142397?v=4",
      "archived": "False",
      "externalId": "218370433",
      "ownerIsAUser": "True",
      "reportBuildStatus": "true"
    },
    "id": "$username$/mslearn-tailspin-spacegame-web-automate",
    "type": "GitHub",
    "name": "$username$/mslearn-tailspin-spacegame-web-automate",
    "url": "https://github.com/$username$/mslearn-tailspin-spacegame-web-automate.git",
    "defaultBranch": "master",
    "clean": null,
    "checkoutSubmodules": false
  },
  "quality": "definition",
  "authoredBy": "{}",
  "drafts": [],
  "queue": {
    "_links": {
      "self": {
        "href": "https://dev.azure.com/afolabi0365/_apis/build/Queues/8"
      }
    },
    "id": 8,
    "url": "https://dev.azure.com/afolabi0365/_apis/build/Queues/8",
    "pool": null
  },
  "id": "",
  "name": "mslearn-spacegame-web-automate",
  "url": "",
  "uri": "",
  "path": "\\",
  "type": "build",
  "queueStatus": "enabled",
  "revision": 1,
  "createdDate": "",
  "project": "{}"
}