{
  "count": 4,
  "value": [
    {
      "id": 138,
      "rev": 1,
      "fields": {
        "System.AreaPath": "dbtest",
        "System.TeamProject": "dbtest",
        "System.IterationPath": "$ProjectName$\\Sprint 1",
        "System.WorkItemType": "Issue",
        "System.State": "Done",
        "System.Reason": "Completed",
        "System.CreatedDate": "2020-06-17T10:56:35.26Z",
        "System.CreatedBy": "afolabi <afolabi@afolabiomotoso.com>",
        "System.ChangedDate": "2020-06-17T10:56:35.26Z",
        "System.ChangedBy": "afolabi <afolabi@afolabiomotoso.com>",
        "System.Title": "Scale out the website",
        "Microsoft.VSTS.Scheduling.Effort": 0.0,
        "System.Description": "Scale out the website",
        "System.AssignedTo": "afolabi <afolabi@afolabiomotoso.com>",
        "Microsoft.VSTS.Scheduling.RemainingWork": 0.0,
        "Microsoft.VSTS.Common.Priority": 2.0,
        "System.BoardLane": null,
        "System.Tags": null,
        "Microsoft.VSTS.TCM.Steps": null,
        "Microsoft.VSTS.TCM.Parameters": null,
        "Microsoft.VSTS.TCM.LocalDataSource": null,
        "Microsoft.VSTS.TCM.AutomationStatus": null,
        "System.History": null
      },
      "relations": null,
      "url": "https://dev.azure.com/afolabi0365/_apis/wit/workItems/138"
    },
    {
      "id": 137,
      "rev": 1,
      "fields": {
        "System.AreaPath": "dbtest",
        "System.TeamProject": "dbtest",
        "System.IterationPath": "$ProjectName$\\Sprint 1",
        "System.WorkItemType": "Issue",
        "System.State": "Done",
        "System.Reason": "Completed",
        "System.CreatedDate": "2020-06-17T10:56:35.01Z",
        "System.CreatedBy": "afolabi <afolabi@afolabiomotoso.com>",
        "System.ChangedDate": "2020-06-17T10:56:35.01Z",
        "System.ChangedBy": "afolabi <afolabi@afolabiomotoso.com>",
        "System.Title": "Configure virtual machines",
        "Microsoft.VSTS.Scheduling.Effort": 0.0,
        "System.Description": "Configure virtual machines",
        "System.AssignedTo": "afolabi <afolabi@afolabiomotoso.com>",
        "Microsoft.VSTS.Scheduling.RemainingWork": 0.0,
        "Microsoft.VSTS.Common.Priority": 2.0,
        "System.BoardLane": null,
        "System.Tags": null,
        "Microsoft.VSTS.TCM.Steps": null,
        "Microsoft.VSTS.TCM.Parameters": null,
        "Microsoft.VSTS.TCM.LocalDataSource": null,
        "Microsoft.VSTS.TCM.AutomationStatus": null,
        "System.History": null
      },
      "relations": null,
      "url": "https://dev.azure.com/afolabi0365/_apis/wit/workItems/137"
    },
    {
      "id": 136,
      "rev": 1,
      "fields": {
        "System.AreaPath": "dbtest",
        "System.TeamProject": "dbtest",
        "System.IterationPath": "$ProjectName$\\Sprint 1",
        "System.WorkItemType": "Issue",
        "System.State": "Done",
        "System.Reason": "Completed",
        "System.CreatedDate": "2020-06-17T10:56:34.22Z",
        "System.CreatedBy": "afolabi <afolabi@afolabiomotoso.com>",
        "System.ChangedDate": "2020-06-17T10:56:34.22Z",
        "System.ChangedBy": "afolabi <afolabi@afolabiomotoso.com>",
        "System.Title": "Scan for security and compliance",
        "Microsoft.VSTS.Scheduling.Effort": 0.0,
        "System.Description": "Scan for security and compliance",
        "System.AssignedTo": "afolabi <afolabi@afolabiomotoso.com>",
        "Microsoft.VSTS.Scheduling.RemainingWork": 0.0,
        "Microsoft.VSTS.Common.Priority": 2.0,
        "System.BoardLane": null,
        "System.Tags": null,
        "Microsoft.VSTS.TCM.Steps": null,
        "Microsoft.VSTS.TCM.Parameters": null,
        "Microsoft.VSTS.TCM.LocalDataSource": null,
        "Microsoft.VSTS.TCM.AutomationStatus": null,
        "System.History": null
      },
      "relations": null,
      "url": "https://dev.azure.com/afolabi0365/_apis/wit/workItems/136"
    },
    {
      "id": 135,
      "rev": 2,
      "fields": {
        "System.AreaPath": "dbtest",
        "System.TeamProject": "dbtest",
        "System.IterationPath": "$ProjectName$\\Sprint 1",
        "System.WorkItemType": "Issue",
        "System.State": "Doing",
        "System.Reason": "Started",
        "System.CreatedDate": "2020-06-17T10:56:33.51Z",
        "System.CreatedBy": "afolabi <afolabi@afolabiomotoso.com>",
        "System.ChangedDate": "2020-06-17T10:58:43.89Z",
        "System.ChangedBy": "afolabi <afolabi@afolabiomotoso.com>",
        "System.Title": "Provision a database in each environment",
        "Microsoft.VSTS.Scheduling.Effort": 0.0,
        "System.Description": "Provision a database in each environment",
        "System.AssignedTo": "afolabi <afolabi@afolabiomotoso.com>",
        "Microsoft.VSTS.Scheduling.RemainingWork": 0.0,
        "Microsoft.VSTS.Common.Priority": 2.0,
        "System.BoardLane": null,
        "System.Tags": null,
        "Microsoft.VSTS.TCM.Steps": null,
        "Microsoft.VSTS.TCM.Parameters": null,
        "Microsoft.VSTS.TCM.LocalDataSource": null,
        "Microsoft.VSTS.TCM.AutomationStatus": null,
        "System.History": null
      },
      "relations": null,
      "url": "https://dev.azure.com/afolabi0365/_apis/wit/workItems/135"
    }
  ],
  "HttpStatusCode": 0,
  "Message": null
}