{
  "Extensions": [
    {
      "extensionName": "Terraform Build & Release Tasks",
      "link": "<a href='https://marketplace.visualstudio.com/items?itemName=charleszipp.azure-pipelines-tasks-terraform' target='_blank'><b>Terraform Build & Release Tasks</b></a>",
      "publisherId": "charleszipp",
      "extensionId": "azure-pipelines-tasks-terraform",
      "publisherName": "Charles Zipp",
      "License": "<a href='https://marketplace.visualstudio.com/items?itemName=charleszipp.azure-pipelines-tasks-terraform' target='_blank'>License Terms</a>"
    },
    {
      "extensionName": "ARM Outputs",
      "link": "<a href='https://marketplace.visualstudio.com/items?itemName=keesschollaart.arm-outputs' target='_blank'><b>ARM Outputs</b></a>",
      "publisherId": "keesschollaart",
      "extensionId": "arm-outputs",
      "publisherName": "Kees Schollaart",
      "License": "<a href='https://marketplace.visualstudio.com/items?itemName=keesschollaart.arm-outputs' target='_blank'>License Terms</a>"
    },
    {
      "extensionName": "Terraform",
      "link": "<a href='https://marketplace.visualstudio.com/items?itemName=ms-devlabs.custom-terraform-tasks' target='_blank'><b>Terraform</b></a>",
      "publisherId": "ms-devlabs",
      "extensionId": "custom-terraform-tasks",
      "publisherName": "Microsoft DevLabs",
      "License": "<a href='https://marketplace.visualstudio.com/items?itemName=ms-devlabs.custom-terraform-tasks' target='_blank'>License Terms</a>"
    },
    {
      "extensionName": "Team Project Health",
      "link": "<a href='https://marketplace.visualstudio.com/items?itemName=ms-devlabs.TeamProjectHealth' target='_blank'><b>Team Project Health</b></a>",
      "publisherId": "ms-devlabs",
      "extensionId": "TeamProjectHealth",
      "publisherName": "Microsoft DevLabs",
      "License": "<a href='https://marketplace.visualstudio.com/items?itemName=ms-devlabs.TeamProjectHealth' target='_blank'>License Terms</a>"
    },
    {
      "extensionName": "Replace Tokens",
      "link": "<a href='https://marketplace.visualstudio.com/items?itemName=qetza.replacetokens' target='_blank'><b>Replace Tokens</b></a>",
      "publisherId": "qetza",
      "extensionId": "replacetokens",
      "publisherName": "Guillaume Rouchon",
      "License": "<a href='https://marketplace.visualstudio.com/items?itemName=qetza.replacetokens' target='_blank'>License Terms</a>"
    }
  ]
}